{
  "service": {
    "service": "Employee-api",
    "serviceObject": {
      "name": "Employee-api"
    },
    "provider": {
      "name": "aws",
      "runtime": "java11",
      "environment": {
        "TABLE": "Employee-api-dev-EmployeeDbTable-1685380339888"
      },
      "iamRoleStatements": [
        {
          "Effect": "Allow",
          "Action": [
            "dynamodb:DescribeTable",
            "dynamodb:Query",
            "dynamodb:GetItem",
            "dynamodb:PutItem",
            "dynamodb:UpdateItem",
            "dynamodb:DeleteItem"
          ],
          "Resource": "arn:aws:dynamodb:us-east-1:303201338734:table/Employee-api-dev-EmployeeDbTable-1685380339888"
        }
      ],
      "stage": "dev",
      "region": "us-east-1",
      "versionFunctions": true,
      "compiledCloudFormationTemplate": {
        "AWSTemplateFormatVersion": "2010-09-09",
        "Description": "The AWS CloudFormation template for this Serverless application",
        "Resources": {
          "ServerlessDeploymentBucket": {
            "Type": "AWS::S3::Bucket",
            "Properties": {
              "BucketEncryption": {
                "ServerSideEncryptionConfiguration": [
                  {
                    "ServerSideEncryptionByDefault": {
                      "SSEAlgorithm": "AES256"
                    }
                  }
                ]
              }
            }
          },
          "ServerlessDeploymentBucketPolicy": {
            "Type": "AWS::S3::BucketPolicy",
            "Properties": {
              "Bucket": {
                "Ref": "ServerlessDeploymentBucket"
              },
              "PolicyDocument": {
                "Statement": [
                  {
                    "Action": "s3:*",
                    "Effect": "Deny",
                    "Principal": "*",
                    "Resource": [
                      {
                        "Fn::Join": [
                          "",
                          [
                            "arn:",
                            {
                              "Ref": "AWS::Partition"
                            },
                            ":s3:::",
                            {
                              "Ref": "ServerlessDeploymentBucket"
                            },
                            "/*"
                          ]
                        ]
                      },
                      {
                        "Fn::Join": [
                          "",
                          [
                            "arn:",
                            {
                              "Ref": "AWS::Partition"
                            },
                            ":s3:::",
                            {
                              "Ref": "ServerlessDeploymentBucket"
                            }
                          ]
                        ]
                      }
                    ],
                    "Condition": {
                      "Bool": {
                        "aws:SecureTransport": false
                      }
                    }
                  }
                ]
              }
            }
          },
          "GetItemLogGroup": {
            "Type": "AWS::Logs::LogGroup",
            "Properties": {
              "LogGroupName": "/aws/lambda/Employee-api-dev-getItem"
            }
          },
          "PuttItemLogGroup": {
            "Type": "AWS::Logs::LogGroup",
            "Properties": {
              "LogGroupName": "/aws/lambda/Employee-api-dev-puttItem"
            }
          },
          "UpdatetItemLogGroup": {
            "Type": "AWS::Logs::LogGroup",
            "Properties": {
              "LogGroupName": "/aws/lambda/Employee-api-dev-updatetItem"
            }
          },
          "DeletetItemLogGroup": {
            "Type": "AWS::Logs::LogGroup",
            "Properties": {
              "LogGroupName": "/aws/lambda/Employee-api-dev-deletetItem"
            }
          },
          "IamRoleLambdaExecution": {
            "Type": "AWS::IAM::Role",
            "Properties": {
              "AssumeRolePolicyDocument": {
                "Version": "2012-10-17",
                "Statement": [
                  {
                    "Effect": "Allow",
                    "Principal": {
                      "Service": [
                        "lambda.amazonaws.com"
                      ]
                    },
                    "Action": [
                      "sts:AssumeRole"
                    ]
                  }
                ]
              },
              "Policies": [
                {
                  "PolicyName": {
                    "Fn::Join": [
                      "-",
                      [
                        "Employee-api",
                        "dev",
                        "lambda"
                      ]
                    ]
                  },
                  "PolicyDocument": {
                    "Version": "2012-10-17",
                    "Statement": [
                      {
                        "Effect": "Allow",
                        "Action": [
                          "logs:CreateLogStream",
                          "logs:CreateLogGroup",
                          "logs:TagResource"
                        ],
                        "Resource": [
                          {
                            "Fn::Sub": "arn:${AWS::Partition}:logs:${AWS::Region}:${AWS::AccountId}:log-group:/aws/lambda/Employee-api-dev*:*"
                          }
                        ]
                      },
                      {
                        "Effect": "Allow",
                        "Action": [
                          "logs:PutLogEvents"
                        ],
                        "Resource": [
                          {
                            "Fn::Sub": "arn:${AWS::Partition}:logs:${AWS::Region}:${AWS::AccountId}:log-group:/aws/lambda/Employee-api-dev*:*:*"
                          }
                        ]
                      },
                      {
                        "$ref": "$[\"service\"][\"provider\"][\"iamRoleStatements\"][0]"
                      }
                    ]
                  }
                }
              ],
              "Path": "/",
              "RoleName": {
                "Fn::Join": [
                  "-",
                  [
                    "Employee-api",
                    "dev",
                    {
                      "Ref": "AWS::Region"
                    },
                    "lambdaRole"
                  ]
                ]
              }
            }
          },
          "GetItemLambdaFunction": {
            "Type": "AWS::Lambda::Function",
            "Properties": {
              "Code": {
                "S3Bucket": {
                  "Ref": "ServerlessDeploymentBucket"
                },
                "S3Key": "serverless/Employee-api/dev/1685380345531-2023-05-29T17:12:25.531Z/target/aws-serverless-framework-app-dev.jar"
              },
              "Handler": "com.home.amazon.serverless.lambda.GetItemFunction",
              "Runtime": "java11",
              "FunctionName": "Employee-api-dev-getItem",
              "MemorySize": 1024,
              "Timeout": 6,
              "Environment": {
                "Variables": {
                  "TABLE": "Employee-api-dev-EmployeeDbTable-1685380339888"
                }
              },
              "Role": {
                "Fn::GetAtt": [
                  "IamRoleLambdaExecution",
                  "Arn"
                ]
              }
            },
            "DependsOn": [
              "GetItemLogGroup"
            ]
          },
          "PuttItemLambdaFunction": {
            "Type": "AWS::Lambda::Function",
            "Properties": {
              "Code": {
                "S3Bucket": {
                  "Ref": "ServerlessDeploymentBucket"
                },
                "S3Key": "serverless/Employee-api/dev/1685380345531-2023-05-29T17:12:25.531Z/target/aws-serverless-framework-app-dev.jar"
              },
              "Handler": "com.home.amazon.serverless.lambda.PostItemFunction",
              "Runtime": "java11",
              "FunctionName": "Employee-api-dev-puttItem",
              "MemorySize": 1024,
              "Timeout": 6,
              "Environment": {
                "Variables": {
                  "TABLE": "Employee-api-dev-EmployeeDbTable-1685380339888"
                }
              },
              "Role": {
                "Fn::GetAtt": [
                  "IamRoleLambdaExecution",
                  "Arn"
                ]
              }
            },
            "DependsOn": [
              "PuttItemLogGroup"
            ]
          },
          "UpdatetItemLambdaFunction": {
            "Type": "AWS::Lambda::Function",
            "Properties": {
              "Code": {
                "S3Bucket": {
                  "Ref": "ServerlessDeploymentBucket"
                },
                "S3Key": "serverless/Employee-api/dev/1685380345531-2023-05-29T17:12:25.531Z/target/aws-serverless-framework-app-dev.jar"
              },
              "Handler": "com.home.amazon.serverless.lambda.UpdateItemFunction",
              "Runtime": "java11",
              "FunctionName": "Employee-api-dev-updatetItem",
              "MemorySize": 1024,
              "Timeout": 6,
              "Environment": {
                "Variables": {
                  "TABLE": "Employee-api-dev-EmployeeDbTable-1685380339888"
                }
              },
              "Role": {
                "Fn::GetAtt": [
                  "IamRoleLambdaExecution",
                  "Arn"
                ]
              }
            },
            "DependsOn": [
              "UpdatetItemLogGroup"
            ]
          },
          "DeletetItemLambdaFunction": {
            "Type": "AWS::Lambda::Function",
            "Properties": {
              "Code": {
                "S3Bucket": {
                  "Ref": "ServerlessDeploymentBucket"
                },
                "S3Key": "serverless/Employee-api/dev/1685380345531-2023-05-29T17:12:25.531Z/target/aws-serverless-framework-app-dev.jar"
              },
              "Handler": "com.home.amazon.serverless.lambda.DeleteItemFunction",
              "Runtime": "java11",
              "FunctionName": "Employee-api-dev-deletetItem",
              "MemorySize": 1024,
              "Timeout": 6,
              "Environment": {
                "Variables": {
                  "TABLE": "Employee-api-dev-EmployeeDbTable-1685380339888"
                }
              },
              "Role": {
                "Fn::GetAtt": [
                  "IamRoleLambdaExecution",
                  "Arn"
                ]
              }
            },
            "DependsOn": [
              "DeletetItemLogGroup"
            ]
          },
          "GetItemLambdaVersionaxY6EFeU2uuaD9i2ZVzDlsTYqkhW2NZnBtbRlFjUteY": {
            "Type": "AWS::Lambda::Version",
            "DeletionPolicy": "Retain",
            "Properties": {
              "FunctionName": {
                "Ref": "GetItemLambdaFunction"
              },
              "CodeSha256": "mDuJIbLTM/Gl2iiTcJ5KhOAZ79R+zSUEAswpLKz2ruA="
            }
          },
          "PuttItemLambdaVersion0VbNuZ2tVOXCdvc7IkPdL9NTIZZ6WQ982O8OApc": {
            "Type": "AWS::Lambda::Version",
            "DeletionPolicy": "Retain",
            "Properties": {
              "FunctionName": {
                "Ref": "PuttItemLambdaFunction"
              },
              "CodeSha256": "mDuJIbLTM/Gl2iiTcJ5KhOAZ79R+zSUEAswpLKz2ruA="
            }
          },
          "UpdatetItemLambdaVersionJP70TNyoO4gXqnM4R8cVyOI0De0okNJ83jGmjyZs": {
            "Type": "AWS::Lambda::Version",
            "DeletionPolicy": "Retain",
            "Properties": {
              "FunctionName": {
                "Ref": "UpdatetItemLambdaFunction"
              },
              "CodeSha256": "mDuJIbLTM/Gl2iiTcJ5KhOAZ79R+zSUEAswpLKz2ruA="
            }
          },
          "DeletetItemLambdaVersionWWhqF9U6exoRKKPxcXSvE1P7uY2w9Vl4raYmyDg0": {
            "Type": "AWS::Lambda::Version",
            "DeletionPolicy": "Retain",
            "Properties": {
              "FunctionName": {
                "Ref": "DeletetItemLambdaFunction"
              },
              "CodeSha256": "mDuJIbLTM/Gl2iiTcJ5KhOAZ79R+zSUEAswpLKz2ruA="
            }
          },
          "ApiGatewayRestApi": {
            "Type": "AWS::ApiGateway::RestApi",
            "Properties": {
              "Name": "dev-Employee-api",
              "EndpointConfiguration": {
                "Types": [
                  "EDGE"
                ]
              },
              "Policy": ""
            }
          },
          "ApiGatewayResourceEmps": {
            "Type": "AWS::ApiGateway::Resource",
            "Properties": {
              "ParentId": {
                "Fn::GetAtt": [
                  "ApiGatewayRestApi",
                  "RootResourceId"
                ]
              },
              "PathPart": "emps",
              "RestApiId": {
                "Ref": "ApiGatewayRestApi"
              }
            }
          },
          "ApiGatewayResourceEmpsPsnoVar": {
            "Type": "AWS::ApiGateway::Resource",
            "Properties": {
              "ParentId": {
                "Ref": "ApiGatewayResourceEmps"
              },
              "PathPart": "{psno}",
              "RestApiId": {
                "Ref": "ApiGatewayRestApi"
              }
            }
          },
          "ApiGatewayMethodEmpsPsnoVarGet": {
            "Type": "AWS::ApiGateway::Method",
            "Properties": {
              "HttpMethod": "GET",
              "RequestParameters": {},
              "ResourceId": {
                "Ref": "ApiGatewayResourceEmpsPsnoVar"
              },
              "RestApiId": {
                "Ref": "ApiGatewayRestApi"
              },
              "ApiKeyRequired": false,
              "AuthorizationType": "NONE",
              "Integration": {
                "IntegrationHttpMethod": "POST",
                "Type": "AWS_PROXY",
                "Uri": {
                  "Fn::Join": [
                    "",
                    [
                      "arn:",
                      {
                        "Ref": "AWS::Partition"
                      },
                      ":apigateway:",
                      {
                        "Ref": "AWS::Region"
                      },
                      ":lambda:path/2015-03-31/functions/",
                      {
                        "Fn::GetAtt": [
                          "GetItemLambdaFunction",
                          "Arn"
                        ]
                      },
                      "/invocations"
                    ]
                  ]
                }
              },
              "MethodResponses": []
            },
            "DependsOn": [
              "GetItemLambdaPermissionApiGateway"
            ]
          },
          "ApiGatewayMethodEmpsPost": {
            "Type": "AWS::ApiGateway::Method",
            "Properties": {
              "HttpMethod": "POST",
              "RequestParameters": {},
              "ResourceId": {
                "Ref": "ApiGatewayResourceEmps"
              },
              "RestApiId": {
                "Ref": "ApiGatewayRestApi"
              },
              "ApiKeyRequired": false,
              "AuthorizationType": "NONE",
              "Integration": {
                "IntegrationHttpMethod": "POST",
                "Type": "AWS_PROXY",
                "Uri": {
                  "Fn::Join": [
                    "",
                    [
                      "arn:",
                      {
                        "Ref": "AWS::Partition"
                      },
                      ":apigateway:",
                      {
                        "Ref": "AWS::Region"
                      },
                      ":lambda:path/2015-03-31/functions/",
                      {
                        "Fn::GetAtt": [
                          "PuttItemLambdaFunction",
                          "Arn"
                        ]
                      },
                      "/invocations"
                    ]
                  ]
                }
              },
              "MethodResponses": []
            },
            "DependsOn": [
              "PuttItemLambdaPermissionApiGateway"
            ]
          },
          "ApiGatewayMethodEmpsPsnoVarPut": {
            "Type": "AWS::ApiGateway::Method",
            "Properties": {
              "HttpMethod": "PUT",
              "RequestParameters": {},
              "ResourceId": {
                "Ref": "ApiGatewayResourceEmpsPsnoVar"
              },
              "RestApiId": {
                "Ref": "ApiGatewayRestApi"
              },
              "ApiKeyRequired": false,
              "AuthorizationType": "NONE",
              "Integration": {
                "IntegrationHttpMethod": "POST",
                "Type": "AWS_PROXY",
                "Uri": {
                  "Fn::Join": [
                    "",
                    [
                      "arn:",
                      {
                        "Ref": "AWS::Partition"
                      },
                      ":apigateway:",
                      {
                        "Ref": "AWS::Region"
                      },
                      ":lambda:path/2015-03-31/functions/",
                      {
                        "Fn::GetAtt": [
                          "UpdatetItemLambdaFunction",
                          "Arn"
                        ]
                      },
                      "/invocations"
                    ]
                  ]
                }
              },
              "MethodResponses": []
            },
            "DependsOn": [
              "UpdatetItemLambdaPermissionApiGateway"
            ]
          },
          "ApiGatewayMethodEmpsPsnoVarDelete": {
            "Type": "AWS::ApiGateway::Method",
            "Properties": {
              "HttpMethod": "DELETE",
              "RequestParameters": {},
              "ResourceId": {
                "Ref": "ApiGatewayResourceEmpsPsnoVar"
              },
              "RestApiId": {
                "Ref": "ApiGatewayRestApi"
              },
              "ApiKeyRequired": false,
              "AuthorizationType": "NONE",
              "Integration": {
                "IntegrationHttpMethod": "POST",
                "Type": "AWS_PROXY",
                "Uri": {
                  "Fn::Join": [
                    "",
                    [
                      "arn:",
                      {
                        "Ref": "AWS::Partition"
                      },
                      ":apigateway:",
                      {
                        "Ref": "AWS::Region"
                      },
                      ":lambda:path/2015-03-31/functions/",
                      {
                        "Fn::GetAtt": [
                          "DeletetItemLambdaFunction",
                          "Arn"
                        ]
                      },
                      "/invocations"
                    ]
                  ]
                }
              },
              "MethodResponses": []
            },
            "DependsOn": [
              "DeletetItemLambdaPermissionApiGateway"
            ]
          },
          "ApiGatewayDeployment1685380339888": {
            "Type": "AWS::ApiGateway::Deployment",
            "Properties": {
              "RestApiId": {
                "Ref": "ApiGatewayRestApi"
              },
              "StageName": "dev"
            },
            "DependsOn": [
              "ApiGatewayMethodEmpsPsnoVarGet",
              "ApiGatewayMethodEmpsPost",
              "ApiGatewayMethodEmpsPsnoVarPut",
              "ApiGatewayMethodEmpsPsnoVarDelete"
            ]
          },
          "GetItemLambdaPermissionApiGateway": {
            "Type": "AWS::Lambda::Permission",
            "Properties": {
              "FunctionName": {
                "Fn::GetAtt": [
                  "GetItemLambdaFunction",
                  "Arn"
                ]
              },
              "Action": "lambda:InvokeFunction",
              "Principal": "apigateway.amazonaws.com",
              "SourceArn": {
                "Fn::Join": [
                  "",
                  [
                    "arn:",
                    {
                      "Ref": "AWS::Partition"
                    },
                    ":execute-api:",
                    {
                      "Ref": "AWS::Region"
                    },
                    ":",
                    {
                      "Ref": "AWS::AccountId"
                    },
                    ":",
                    {
                      "Ref": "ApiGatewayRestApi"
                    },
                    "/*/*"
                  ]
                ]
              }
            }
          },
          "PuttItemLambdaPermissionApiGateway": {
            "Type": "AWS::Lambda::Permission",
            "Properties": {
              "FunctionName": {
                "Fn::GetAtt": [
                  "PuttItemLambdaFunction",
                  "Arn"
                ]
              },
              "Action": "lambda:InvokeFunction",
              "Principal": "apigateway.amazonaws.com",
              "SourceArn": {
                "Fn::Join": [
                  "",
                  [
                    "arn:",
                    {
                      "Ref": "AWS::Partition"
                    },
                    ":execute-api:",
                    {
                      "Ref": "AWS::Region"
                    },
                    ":",
                    {
                      "Ref": "AWS::AccountId"
                    },
                    ":",
                    {
                      "Ref": "ApiGatewayRestApi"
                    },
                    "/*/*"
                  ]
                ]
              }
            }
          },
          "UpdatetItemLambdaPermissionApiGateway": {
            "Type": "AWS::Lambda::Permission",
            "Properties": {
              "FunctionName": {
                "Fn::GetAtt": [
                  "UpdatetItemLambdaFunction",
                  "Arn"
                ]
              },
              "Action": "lambda:InvokeFunction",
              "Principal": "apigateway.amazonaws.com",
              "SourceArn": {
                "Fn::Join": [
                  "",
                  [
                    "arn:",
                    {
                      "Ref": "AWS::Partition"
                    },
                    ":execute-api:",
                    {
                      "Ref": "AWS::Region"
                    },
                    ":",
                    {
                      "Ref": "AWS::AccountId"
                    },
                    ":",
                    {
                      "Ref": "ApiGatewayRestApi"
                    },
                    "/*/*"
                  ]
                ]
              }
            }
          },
          "DeletetItemLambdaPermissionApiGateway": {
            "Type": "AWS::Lambda::Permission",
            "Properties": {
              "FunctionName": {
                "Fn::GetAtt": [
                  "DeletetItemLambdaFunction",
                  "Arn"
                ]
              },
              "Action": "lambda:InvokeFunction",
              "Principal": "apigateway.amazonaws.com",
              "SourceArn": {
                "Fn::Join": [
                  "",
                  [
                    "arn:",
                    {
                      "Ref": "AWS::Partition"
                    },
                    ":execute-api:",
                    {
                      "Ref": "AWS::Region"
                    },
                    ":",
                    {
                      "Ref": "AWS::AccountId"
                    },
                    ":",
                    {
                      "Ref": "ApiGatewayRestApi"
                    },
                    "/*/*"
                  ]
                ]
              }
            }
          },
          "EmployeeDynamoDbTable": {
            "Type": "AWS::DynamoDB::Table",
            "Properties": {
              "AttributeDefinitions": [
                {
                  "AttributeName": "psno",
                  "AttributeType": "S"
                }
              ],
              "KeySchema": [
                {
                  "AttributeName": "psno",
                  "KeyType": "HASH"
                }
              ],
              "ProvisionedThroughput": {
                "ReadCapacityUnits": 1,
                "WriteCapacityUnits": 1
              },
              "SSESpecification": {
                "SSEEnabled": true
              },
              "TableName": "Employee-api-dev-EmployeeDbTable-1685380339888"
            }
          }
        },
        "Outputs": {
          "ServerlessDeploymentBucketName": {
            "Value": {
              "Ref": "ServerlessDeploymentBucket"
            },
            "Export": {
              "Name": "sls-Employee-api-dev-ServerlessDeploymentBucketName"
            }
          },
          "GetItemLambdaFunctionQualifiedArn": {
            "Description": "Current Lambda function version",
            "Value": {
              "Ref": "GetItemLambdaVersionaxY6EFeU2uuaD9i2ZVzDlsTYqkhW2NZnBtbRlFjUteY"
            },
            "Export": {
              "Name": "sls-Employee-api-dev-GetItemLambdaFunctionQualifiedArn"
            }
          },
          "PuttItemLambdaFunctionQualifiedArn": {
            "Description": "Current Lambda function version",
            "Value": {
              "Ref": "PuttItemLambdaVersion0VbNuZ2tVOXCdvc7IkPdL9NTIZZ6WQ982O8OApc"
            },
            "Export": {
              "Name": "sls-Employee-api-dev-PuttItemLambdaFunctionQualifiedArn"
            }
          },
          "UpdatetItemLambdaFunctionQualifiedArn": {
            "Description": "Current Lambda function version",
            "Value": {
              "Ref": "UpdatetItemLambdaVersionJP70TNyoO4gXqnM4R8cVyOI0De0okNJ83jGmjyZs"
            },
            "Export": {
              "Name": "sls-Employee-api-dev-UpdatetItemLambdaFunctionQualifiedArn"
            }
          },
          "DeletetItemLambdaFunctionQualifiedArn": {
            "Description": "Current Lambda function version",
            "Value": {
              "Ref": "DeletetItemLambdaVersionWWhqF9U6exoRKKPxcXSvE1P7uY2w9Vl4raYmyDg0"
            },
            "Export": {
              "Name": "sls-Employee-api-dev-DeletetItemLambdaFunctionQualifiedArn"
            }
          },
          "ServiceEndpoint": {
            "Description": "URL of the service endpoint",
            "Value": {
              "Fn::Join": [
                "",
                [
                  "https://",
                  {
                    "Ref": "ApiGatewayRestApi"
                  },
                  ".execute-api.",
                  {
                    "Ref": "AWS::Region"
                  },
                  ".",
                  {
                    "Ref": "AWS::URLSuffix"
                  },
                  "/dev"
                ]
              ]
            },
            "Export": {
              "Name": "sls-Employee-api-dev-ServiceEndpoint"
            }
          }
        }
      },
      "coreCloudFormationTemplate": {
        "AWSTemplateFormatVersion": "2010-09-09",
        "Description": "The AWS CloudFormation template for this Serverless application",
        "Resources": {
          "ServerlessDeploymentBucket": {
            "Type": "AWS::S3::Bucket",
            "Properties": {
              "BucketEncryption": {
                "ServerSideEncryptionConfiguration": [
                  {
                    "ServerSideEncryptionByDefault": {
                      "SSEAlgorithm": "AES256"
                    }
                  }
                ]
              }
            }
          },
          "ServerlessDeploymentBucketPolicy": {
            "Type": "AWS::S3::BucketPolicy",
            "Properties": {
              "Bucket": {
                "Ref": "ServerlessDeploymentBucket"
              },
              "PolicyDocument": {
                "Statement": [
                  {
                    "Action": "s3:*",
                    "Effect": "Deny",
                    "Principal": "*",
                    "Resource": [
                      {
                        "Fn::Join": [
                          "",
                          [
                            "arn:",
                            {
                              "Ref": "AWS::Partition"
                            },
                            ":s3:::",
                            {
                              "Ref": "ServerlessDeploymentBucket"
                            },
                            "/*"
                          ]
                        ]
                      },
                      {
                        "Fn::Join": [
                          "",
                          [
                            "arn:",
                            {
                              "Ref": "AWS::Partition"
                            },
                            ":s3:::",
                            {
                              "Ref": "ServerlessDeploymentBucket"
                            }
                          ]
                        ]
                      }
                    ],
                    "Condition": {
                      "Bool": {
                        "aws:SecureTransport": false
                      }
                    }
                  }
                ]
              }
            }
          }
        },
        "Outputs": {
          "ServerlessDeploymentBucketName": {
            "Value": {
              "Ref": "ServerlessDeploymentBucket"
            }
          }
        }
      },
      "vpc": {}
    },
    "pluginsData": {},
    "functions": {
      "getItem": {
        "handler": "com.home.amazon.serverless.lambda.GetItemFunction",
        "events": [
          {
            "http": {
              "path": "emps/{psno}",
              "method": "get",
              "integration": "AWS_PROXY"
            }
          }
        ],
        "name": "Employee-api-dev-getItem",
        "package": {},
        "memory": 1024,
        "timeout": 6,
        "runtime": "java11",
        "vpc": {},
        "versionLogicalId": "GetItemLambdaVersionaxY6EFeU2uuaD9i2ZVzDlsTYqkhW2NZnBtbRlFjUteY"
      },
      "puttItem": {
        "handler": "com.home.amazon.serverless.lambda.PostItemFunction",
        "events": [
          {
            "http": {
              "path": "emps",
              "method": "post",
              "integration": "AWS_PROXY"
            }
          }
        ],
        "name": "Employee-api-dev-puttItem",
        "package": {},
        "memory": 1024,
        "timeout": 6,
        "runtime": "java11",
        "vpc": {},
        "versionLogicalId": "PuttItemLambdaVersion0VbNuZ2tVOXCdvc7IkPdL9NTIZZ6WQ982O8OApc"
      },
      "updatetItem": {
        "handler": "com.home.amazon.serverless.lambda.UpdateItemFunction",
        "events": [
          {
            "http": {
              "path": "emps/{psno}",
              "method": "put",
              "integration": "AWS_PROXY"
            }
          }
        ],
        "name": "Employee-api-dev-updatetItem",
        "package": {},
        "memory": 1024,
        "timeout": 6,
        "runtime": "java11",
        "vpc": {},
        "versionLogicalId": "UpdatetItemLambdaVersionJP70TNyoO4gXqnM4R8cVyOI0De0okNJ83jGmjyZs"
      },
      "deletetItem": {
        "handler": "com.home.amazon.serverless.lambda.DeleteItemFunction",
        "events": [
          {
            "http": {
              "path": "emps/{psno}",
              "method": "delete",
              "integration": "AWS_PROXY"
            }
          }
        ],
        "name": "Employee-api-dev-deletetItem",
        "package": {},
        "memory": 1024,
        "timeout": 6,
        "runtime": "java11",
        "vpc": {},
        "versionLogicalId": "DeletetItemLambdaVersionWWhqF9U6exoRKKPxcXSvE1P7uY2w9Vl4raYmyDg0"
      }
    },
    "resources": {
      "Resources": {
        "EmployeeDynamoDbTable": {
          "Type": "AWS::DynamoDB::Table",
          "Properties": {
            "AttributeDefinitions": [
              {
                "AttributeName": "psno",
                "AttributeType": "S"
              }
            ],
            "KeySchema": [
              {
                "AttributeName": "psno",
                "KeyType": "HASH"
              }
            ],
            "ProvisionedThroughput": {
              "ReadCapacityUnits": 1,
              "WriteCapacityUnits": 1
            },
            "SSESpecification": {
              "SSEEnabled": true
            },
            "TableName": "Employee-api-dev-EmployeeDbTable-1685380339888"
          }
        }
      },
      "Outputs": {}
    },
    "configValidationMode": "warn",
    "serviceFilename": "serverless.yml",
    "initialServerlessConfig": {
      "service": "Employee-api",
      "frameworkVersion": "3",
      "provider": {
        "$ref": "$[\"service\"][\"provider\"]"
      },
      "package": {
        "artifact": "target/aws-serverless-framework-app-dev.jar",
        "artifactsS3KeyDirname": "serverless/Employee-api/dev/code-artifacts",
        "artifactDirectoryName": "serverless/Employee-api/dev/1685380345531-2023-05-29T17:12:25.531Z"
      },
      "functions": {
        "$ref": "$[\"service\"][\"functions\"]"
      },
      "resources": {
        "$ref": "$[\"service\"][\"resources\"]"
      }
    },
    "layers": {},
    "isDashboardMonitoringPreconfigured": false
  },
  "package": {
    "artifactDirectoryName": "serverless/Employee-api/dev/1685380345531-2023-05-29T17:12:25.531Z",
    "artifact": "target/aws-serverless-framework-app-dev.jar"
  }
}